Workbook

Sheet Summary
A1: Run date/time: 2026-04-10 11:45:17 | D1: Worksheet Index | E1: Analyzer Version: 5.6.7 Build 20260227
D2: Summary | E2: Command Line Options:
A3: Code Base Details | D3: Job Details | E3: Option | F3: Value
A4: Total Jobs | B4: =SUM(B10:B13) -> 0 | D4: Transformations | E4: -E
A5: Total Nodes | B5: 9 | D5: Jobs Transformations Xref | E5: -F | F5: 10000000000000
D6: Jobs Transformations List | E6: -Q | F6: ALL
D7: Functions | E7: -d | F7: /Users/tanishkchaturvedi/Desktop/Tanishk Chaturvedi/WORK/CONSULATNCY/SYREN/lakebrdige/source_spark
D8: Functions by Job | E8: -e | F8: 1
A9: Job Complexity Categorization | D9: SQL Functions by Job | E9: -r | F9: /Users/tanishkchaturvedi/Desktop/Tanishk Chaturvedi/WORK/CONSULATNCY/SYREN/lakebrdige/output/spark_analysis.xlsx
A10: LOW | B10: =COUNTIFS('Job Details'!F:F,"LOW",'Job Details'!D:D,"YES") -> 0 | D10: Subject Areas | E10: -t | F10: PYSPARK
A11: MEDIUM | B11: =COUNTIFS('Job Details'!F:F,"MEDIUM",'Job Details'!D:D,"YES") -> 0 | D11: SQL Statements | E11: Analyzer run duration:
A12: HIGH | B12: =COUNTIFS('Job Details'!F:F,"HIGH",'Job Details'!D:D,"YES") -> 0 | D12: Combined Checksums | E12: 0h, 0m, 0s
A13: VERY_HIGH | B13: =COUNTIFS('Job Details'!F:F,"VERY_HIGH",'Job Details'!D:D,"YES") -> 0 | D13: Transformation Expressions
D14: Extended Script Information
D15: Packages
D16: Comments
D17: Embedded SQL Summary
D18: Embedded SQL Programs
D19: Embedded SQL Script Categories
D20: Embedded SQL UNKNOWN Category
D21: Embedded SQL Functions
D22: Embedded SQL Func by Script
D23: Embedded SQL Scripts Func Xref
D24: Embedded SQL Referenced Objects
D25: Embedded SQL Program-Obj Xref
D26: RAW_PROGRAM_OBJECT_XREF

Sheet Job Details
A1: Job Name | B1: Folder | C1: Source File | D1: Included | E1: Job Type | F1: Categorization | G1: Number of Nodes | H1: Categorization Metrics | I1: Legacy Checksum | J1: Checksum Extended | K1: LineStart | L1: LineEnd
A2: /Users/tanishkchaturvedi/Desktop/Tanishk Chaturvedi/WORK/CONSULATNCY/SYREN/lakebrdige/source_spark/pyspark-arraytype.py | C2: /Users/tanishkchaturvedi/Desktop/Tanishk Chaturvedi/WORK/CONSULATNCY/SYREN/lakebrdige/source_spark/pyspark-arraytype.py | D2: YES | E2: PYSPARK | F2: LOW | G2: 8 | H2: Node count: 8, count: 0, Target count: 0, Joiner count: 0, Aggregator count: 0, Lookup count: 0, count: 0, Expressions with 5 or more function calls: 0, Medium category breaks: 0, High category breaks: 0 | I2: C2885D5CEE7DAEDBFD036519EE1D88FB | J2: fffe7555971516404b32b83e26b5cb0e4791390296e46fb1cc39ca445212e3121774c30a7915130180bab3f2fc8068c1a7bf90f3d86a967f9464dd6e653d57bd53da28653046b929274b0344e37d2f7c46ace4c0ecf3bed3de1501207530d4c98c0a4625f71c529538f7dc76842652105e2d69dff75a11891145f2160c77dfd899b4251df9610f841a99d3173c1a81c11c2e57faaa044bdda54b7e466f26a124c4902a67f7e11f76172c89c6f9cb07b33d176b43342b2222
A3: /Users/tanishkchaturvedi/Desktop/Tanishk Chaturvedi/WORK/CONSULATNCY/SYREN/lakebrdige/source_spark/pyspark-cast-column.py | C3: /Users/tanishkchaturvedi/Desktop/Tanishk Chaturvedi/WORK/CONSULATNCY/SYREN/lakebrdige/source_spark/pyspark-cast-column.py | D3: YES | E3: PYSPARK | F3: LOW | H3: Node count: , count: 0, Target count: 0, Joiner count: 0, Aggregator count: 0, Lookup count: 0, count: 0, Expressions with 5 or more function calls: 0, Medium category breaks: 0, High category breaks: 0 | I3: 229E6853E87FFDA1C8BD675B7A209866 | J3: 4cb7a1ec892035232d9d463b54175a3b9600b25f1cee4090d1c01f513b10e0061774c30a7915130180bab3f2fc8068c1a7bf90f3d86a967f9464dd6e653d57bd53da28653046b929274b0344e37d2f7c46ace4c0ecf3bed3de1501207530d4c98c0a4625f71c529538f7dc76842652105e2d69dff75a11891145f2160c77dfd899b4251df9610f841a99d3173c1a81c11c2e57faaa044bdda54b7e466f26a1248d5193b78d2f25c8a0e998114c0b4cd7b3556da0906232f1
A4: /Users/tanishkchaturvedi/Desktop/Tanishk Chaturvedi/WORK/CONSULATNCY/SYREN/lakebrdige/source_spark/pyspark-collect.py | C4: /Users/tanishkchaturvedi/Desktop/Tanishk Chaturvedi/WORK/CONSULATNCY/SYREN/lakebrdige/source_spark/pyspark-collect.py | D4: YES | E4: PYSPARK | F4: LOW | G4: 1 | H4: Node count: 1, count: 0, Target count: 0, Joiner count: 0, Aggregator count: 0, Lookup count: 0, count: 0, Expressions with 5 or more function calls: 0, Medium category breaks: 0, High category breaks: 0 | I4: C7ACAE4542FEEC712B3BC003A289EAB4 | J4: 77e671fa3e07575af1d6feaf2dae9c5d84ca51c60296a4d4584f29de09006d7e1774c30a7915130180bab3f2fc8068c1a7bf90f3d86a967f9464dd6e653d57bd53da28653046b929274b0344e37d2f7c46ace4c0ecf3bed3de1501207530d4c98c0a4625f71c529538f7dc76842652105e2d69dff75a11891145f2160c77dfd899b4251df9610f841a99d3173c1a81c11c2e57faaa044bdda54b7e466f26a124470b5ba959707c8d1989356d0c006d80

Sheet Transformations
A1: Transformation Type | B1: # of Occurrences | C1: Occurs in # of Jobs
A2: select | B2: =SUMIFS(INDIRECT("'Jobs Transformations Xref'!"&K2&":"&K2),'Jobs Transformations Xref'!B:B,"YES") -> 0 | C2: =COUNTIFS(INDIRECT("'Jobs Transformations Xref'!"&K2&":"&K2),">=1",'Jobs Transformations Xref'!B:B,"YES") -> 0 | J2: =MATCH(A2,'Jobs Transformations Xref'!$1:$1,0) -> 0 | K2: =SUBSTITUTE( ADDRESS(1,J2,4),"1","") -> 0 | M2: 5 | N2: 2
A3: alias | B3: =SUMIFS(INDIRECT("'Jobs Transformations Xref'!"&K3&":"&K3),'Jobs Transformations Xref'!B:B,"YES") -> 0 | C3: =COUNTIFS(INDIRECT("'Jobs Transformations Xref'!"&K3&":"&K3),">=1",'Jobs Transformations Xref'!B:B,"YES") -> 0 | J3: =MATCH(A3,'Jobs Transformations Xref'!$1:$1,0) -> 0 | K3: =SUBSTITUTE( ADDRESS(1,J3,4),"1","") -> 0 | M3: 3 | N3: 1
A4: explode | B4: =SUMIFS(INDIRECT("'Jobs Transformations Xref'!"&K4&":"&K4),'Jobs Transformations Xref'!B:B,"YES") -> 0 | C4: =COUNTIFS(INDIRECT("'Jobs Transformations Xref'!"&K4&":"&K4),">=1",'Jobs Transformations Xref'!B:B,"YES") -> 0 | J4: =MATCH(A4,'Jobs Transformations Xref'!$1:$1,0) -> 0 | K4: =SUBSTITUTE( ADDRESS(1,J4,4),"1","") -> 0 | M4: 1 | N4: 1

Sheet Jobs Transformations Xref
B1: Included | C1: Job Type | D1: Categorization | E1: Number of Nodes | F1: Priority | G1: alias | H1: explode | I1: select
A2: /Users/tanishkchaturvedi/Desktop/Tanishk Chaturvedi/WORK/CONSULATNCY/SYREN/lakebrdige/source_spark/pyspark-arraytype.py | B2: ='Job Details'!D2 -> 0 | C2: ='Job Details'!E2 -> 0 | D2: ='Job Details'!F2 -> 0 | E2: ='Job Details'!G2 -> 0 | G2: 3 | H2: 1 | I2: 4
A3: /Users/tanishkchaturvedi/Desktop/Tanishk Chaturvedi/WORK/CONSULATNCY/SYREN/lakebrdige/source_spark/pyspark-cast-column.py | B3: ='Job Details'!D3 -> 0 | C3: ='Job Details'!E3 -> 0 | D3: ='Job Details'!F3 -> 0 | E3: ='Job Details'!G3 -> 0
A4: /Users/tanishkchaturvedi/Desktop/Tanishk Chaturvedi/WORK/CONSULATNCY/SYREN/lakebrdige/source_spark/pyspark-collect.py | B4: ='Job Details'!D4 -> 0 | C4: ='Job Details'!E4 -> 0 | D4: ='Job Details'!F4 -> 0 | E4: ='Job Details'!G4 -> 0 | I4: 1

Sheet Jobs Transformations List
A1: Job | B1: Transformation | C1: Count
A2: /Users/tanishkchaturvedi/Desktop/Tanishk Chaturvedi/WORK/CONSULATNCY/SYREN/lakebrdige/source_spark/pyspark-arraytype.py | B2: alias | C2: 3
A3: /Users/tanishkchaturvedi/Desktop/Tanishk Chaturvedi/WORK/CONSULATNCY/SYREN/lakebrdige/source_spark/pyspark-arraytype.py | B3: explode | C3: 1
A4: /Users/tanishkchaturvedi/Desktop/Tanishk Chaturvedi/WORK/CONSULATNCY/SYREN/lakebrdige/source_spark/pyspark-arraytype.py | B4: select | C4: 4
A5: /Users/tanishkchaturvedi/Desktop/Tanishk Chaturvedi/WORK/CONSULATNCY/SYREN/lakebrdige/source_spark/pyspark-collect.py | B5: select | C5: 1

Sheet Functions
A1: Function | B1: # of Calls
A2: show | B2: 9
A3: StringType | B3: 7
A4: cast | B4: 6
A5: printSchema | B5: 6
A6: StructField | B6: 5
A7: col | B7: 3
A8: getOrCreate | B8: 3
A9: print | B9: 3
A10: appName | B10: 3
A11: ArrayType | B11: 3
A12: createDataFrame | B12: 3
A13: withColumn | B13: 3
... A23: BooleanType | B23: 1

Sheet Functions by Job
A1: Job | B1: Function | C1: # of Calls
A2: /Users/tanishkchaturvedi/Desktop/Tanishk Chaturvedi/WORK/CONSULATNCY/SYREN/lakebrdige/source_spark/pyspark-arraytype.py | B2: StringType | C2: 6
A3: /Users/tanishkchaturvedi/Desktop/Tanishk Chaturvedi/WORK/CONSULATNCY/SYREN/lakebrdige/source_spark/pyspark-arraytype.py | B3: show | C3: 5
A4: /Users/tanishkchaturvedi/Desktop/Tanishk Chaturvedi/WORK/CONSULATNCY/SYREN/lakebrdige/source_spark/pyspark-arraytype.py | B4: StructField | C4: 5
A5: /Users/tanishkchaturvedi/Desktop/Tanishk Chaturvedi/WORK/CONSULATNCY/SYREN/lakebrdige/source_spark/pyspark-arraytype.py | B5: ArrayType | C5: 3
A6: /Users/tanishkchaturvedi/Desktop/Tanishk Chaturvedi/WORK/CONSULATNCY/SYREN/lakebrdige/source_spark/pyspark-arraytype.py | B6: array | C6: 1
A7: /Users/tanishkchaturvedi/Desktop/Tanishk Chaturvedi/WORK/CONSULATNCY/SYREN/lakebrdige/source_spark/pyspark-arraytype.py | B7: array_contains | C7: 1
A8: /Users/tanishkchaturvedi/Desktop/Tanishk Chaturvedi/WORK/CONSULATNCY/SYREN/lakebrdige/source_spark/pyspark-arraytype.py | B8: StructType | C8: 1
A9: /Users/tanishkchaturvedi/Desktop/Tanishk Chaturvedi/WORK/CONSULATNCY/SYREN/lakebrdige/source_spark/pyspark-arraytype.py | B9: printSchema | C9: 1
A10: /Users/tanishkchaturvedi/Desktop/Tanishk Chaturvedi/WORK/CONSULATNCY/SYREN/lakebrdige/source_spark/pyspark-arraytype.py | B10: getOrCreate | C10: 1
A11: /Users/tanishkchaturvedi/Desktop/Tanishk Chaturvedi/WORK/CONSULATNCY/SYREN/lakebrdige/source_spark/pyspark-arraytype.py | B11: createDataFrame | C11: 1
A12: /Users/tanishkchaturvedi/Desktop/Tanishk Chaturvedi/WORK/CONSULATNCY/SYREN/lakebrdige/source_spark/pyspark-arraytype.py | B12: appName | C12: 1
A13: /Users/tanishkchaturvedi/Desktop/Tanishk Chaturvedi/WORK/CONSULATNCY/SYREN/lakebrdige/source_spark/pyspark-arraytype.py | B13: split | C13: 1
... A34: /Users/tanishkchaturvedi/Desktop/Tanishk Chaturvedi/WORK/CONSULATNCY/SYREN/lakebrdige/source_spark/pyspark-collect.py | B34: str | C34: 1

Sheet SQL Functions by Job
A1: Job | B1: Function | C1: # of Calls
A2: /Users/tanishkchaturvedi/Desktop/Tanishk Chaturvedi/WORK/CONSULATNCY/SYREN/lakebrdige/source_spark/pyspark-cast-column.py | B2: STRING | C2: 1
A3: /Users/tanishkchaturvedi/Desktop/Tanishk Chaturvedi/WORK/CONSULATNCY/SYREN/lakebrdige/source_spark/pyspark-cast-column.py | B3: DATE | C3: 1
A4: /Users/tanishkchaturvedi/Desktop/Tanishk Chaturvedi/WORK/CONSULATNCY/SYREN/lakebrdige/source_spark/pyspark-cast-column.py | B4: BOOLEAN | C4: 1

Sheet Subject Areas
A1: Subject Area Name | B1: Subject Area Code | C1: Description

Sheet SQL Statements
A1: Item Name | B1: Node | C1: Complexity | D1: Connection Type | E1: Length | F1: SQL
A2: /Users/tanishkchaturvedi/Desktop/Tanishk Chaturvedi/WORK/CONSULATNCY/SYREN/lakebrdige/source_spark/pyspark-cast-column.py | B2: 1__spark_sql | C2: LOW | D2: UNKNOWN | E2: 75 | F2: SELECT STRING(age),BOOLEAN(isGraduated),DATE(jobStartDate) from CastExample

Sheet Combined Checksums
A1: ETL Job Name | B1: Level | C1: Extended Checksum
A2: /Users/tanishkchaturvedi/Desktop/Tanishk Chaturvedi/WORK/CONSULATNCY/SYREN/lakebrdige/source_spark/pyspark-arraytype.py | B2: ETL | C2: fffe7555971516404b32b83e26b5cb0e4791390296e46fb1cc39ca445212e3121774c30a7915130180bab3f2fc8068c1a7bf90f3d86a967f9464dd6e653d57bd53da28653046b929274b0344e37d2f7c46ace4c0ecf3bed3de1501207530d4c98c0a4625f71c529538f7dc76842652105e2d69dff75a11891145f2160c77dfd899b4251df9610f841a99d3173c1a81c11c2e57faaa044bdda54b7e466f26a124c4902a67f7e11f76172c89c6f9cb07b33d176b43342b2222
A3: /Users/tanishkchaturvedi/Desktop/Tanishk Chaturvedi/WORK/CONSULATNCY/SYREN/lakebrdige/source_spark/pyspark-cast-column.py | B3: ETL | C3: 4cb7a1ec892035232d9d463b54175a3b9600b25f1cee4090d1c01f513b10e0061774c30a7915130180bab3f2fc8068c1a7bf90f3d86a967f9464dd6e653d57bd53da28653046b929274b0344e37d2f7c46ace4c0ecf3bed3de1501207530d4c98c0a4625f71c529538f7dc76842652105e2d69dff75a11891145f2160c77dfd899b4251df9610f841a99d3173c1a81c11c2e57faaa044bdda54b7e466f26a1248d5193b78d2f25c8a0e998114c0b4cd7b3556da0906232f1
A4: /Users/tanishkchaturvedi/Desktop/Tanishk Chaturvedi/WORK/CONSULATNCY/SYREN/lakebrdige/source_spark/pyspark-cast-column.py.1__spark_sql | B4: SQL | C4: 737953301be662cf642e86c80bd2a6912d778171c0a6020f18b4545a456711dd1774c30a7915130180bab3f2fc8068c13eb55511ff16dfc81ed309f5e0cac0761832869adde91d7f274b0344e37d2f7ce7e9b6a6d8c3e4da2a1d93978b19411090d7f4b36d4cc5b9dfaaf34eba658c5fe78357a37328802cb0c7cc67bbc8dce96ffbab4dff3d41ac3f916fa44a24478c1c2e57faaa044bddcbe66325ca03c81fd7498eb35771e652
A5: /Users/tanishkchaturvedi/Desktop/Tanishk Chaturvedi/WORK/CONSULATNCY/SYREN/lakebrdige/source_spark/pyspark-collect.py | B5: ETL | C5: 77e671fa3e07575af1d6feaf2dae9c5d84ca51c60296a4d4584f29de09006d7e1774c30a7915130180bab3f2fc8068c1a7bf90f3d86a967f9464dd6e653d57bd53da28653046b929274b0344e37d2f7c46ace4c0ecf3bed3de1501207530d4c98c0a4625f71c529538f7dc76842652105e2d69dff75a11891145f2160c77dfd899b4251df9610f841a99d3173c1a81c11c2e57faaa044bdda54b7e466f26a124470b5ba959707c8d1989356d0c006d80

Sheet Transformation Expressions
A1: Job | B1: Transformation | C1: Field | D1: Expression

Sheet Extended Script Information
A1: File | B1: Total Line Count | C1: Commented Lines Count | D1: Blank Lines Count
A2: /Users/tanishkchaturvedi/Desktop/Tanishk Chaturvedi/WORK/CONSULATNCY/SYREN/lakebrdige/source_spark/pyspark-collect.py | B2: 31 | C2: 4 | D2: 7
A3: /Users/tanishkchaturvedi/Desktop/Tanishk Chaturvedi/WORK/CONSULATNCY/SYREN/lakebrdige/source_spark/pyspark-cast-column.py | B3: 40 | C3: 6 | D3: 8
A4: /Users/tanishkchaturvedi/Desktop/Tanishk Chaturvedi/WORK/CONSULATNCY/SYREN/lakebrdige/source_spark/pyspark-arraytype.py | B4: 45 | C4: 4 | D4: 10

Sheet Packages
A1: File Name | B1: Package
A2: /Users/tanishkchaturvedi/Desktop/Tanishk Chaturvedi/WORK/CONSULATNCY/SYREN/lakebrdige/source_spark/pyspark-arraytype.py | B2: from pyspark.sql.functions import split
A3: /Users/tanishkchaturvedi/Desktop/Tanishk Chaturvedi/WORK/CONSULATNCY/SYREN/lakebrdige/source_spark/pyspark-arraytype.py | B3: from pyspark.sql.functions import array
A4: /Users/tanishkchaturvedi/Desktop/Tanishk Chaturvedi/WORK/CONSULATNCY/SYREN/lakebrdige/source_spark/pyspark-arraytype.py | B4: from pyspark.sql.types import StringType, ArrayType,StructType,StructField
A5: /Users/tanishkchaturvedi/Desktop/Tanishk Chaturvedi/WORK/CONSULATNCY/SYREN/lakebrdige/source_spark/pyspark-arraytype.py | B5: from pyspark.sql.functions import array_contains
A6: /Users/tanishkchaturvedi/Desktop/Tanishk Chaturvedi/WORK/CONSULATNCY/SYREN/lakebrdige/source_spark/pyspark-arraytype.py | B6: from pyspark.sql.functions import explode
A7: /Users/tanishkchaturvedi/Desktop/Tanishk Chaturvedi/WORK/CONSULATNCY/SYREN/lakebrdige/source_spark/pyspark-arraytype.py | B7: from pyspark.sql import SparkSession
A8: /Users/tanishkchaturvedi/Desktop/Tanishk Chaturvedi/WORK/CONSULATNCY/SYREN/lakebrdige/source_spark/pyspark-cast-column.py | B8: from pyspark.sql.functions import col
A9: /Users/tanishkchaturvedi/Desktop/Tanishk Chaturvedi/WORK/CONSULATNCY/SYREN/lakebrdige/source_spark/pyspark-cast-column.py | B9: import pyspark
A10: /Users/tanishkchaturvedi/Desktop/Tanishk Chaturvedi/WORK/CONSULATNCY/SYREN/lakebrdige/source_spark/pyspark-cast-column.py | B10: from pyspark.sql.types import StringType,BooleanType,DateType

Sheet Comments
A1: File Name | B1: Comment | C1: Comment Type
A2: /Users/tanishkchaturvedi/Desktop/Tanishk Chaturvedi/WORK/CONSULATNCY/SYREN/lakebrdige/source_spark/pyspark-arraytype.py | B2: # -*- coding: utf-8 -*- | C2: One Line
A3: /Users/tanishkchaturvedi/Desktop/Tanishk Chaturvedi/WORK/CONSULATNCY/SYREN/lakebrdige/source_spark/pyspark-arraytype.py | B3: """ | C3: Multi Line

Sheet Embedded SQL Summary
A1: Run date/time: 2026-04-10 11:45:17 | D1: Worksheet Index | E1: Analyzer Version: 5.6.7 Build 20260227
D2: Summary | E2: Command Line Options:
A3: Code Base Details | D3: Job Details | E3: Option | F3: Value
A4: Total SQL Scripts | B4: 1 | D4: Transformations | E4: -E
A5: Total FILE Scripts | B5: 1 | D5: Jobs Transformations Xref | E5: -F | F5: 10000000000000
A6: Total DDLs | B6: 0 | D6: Jobs Transformations List | E6: -Q | F6: ALL
A7: Total CTAS Scripts | B7: 0 | D7: Functions | E7: -d | F7: /Users/tanishkchaturvedi/Desktop/Tanishk Chaturvedi/WORK/CONSULATNCY/SYREN/lakebrdige/source_spark
A8: Total Tables (in scripts) | B8: 0 | D8: Functions by Job | E8: -e | F8: 1
A9: Total Views | B9: 0 | D9: SQL Functions by Job | E9: -r | F9: /Users/tanishkchaturvedi/Desktop/Tanishk Chaturvedi/WORK/CONSULATNCY/SYREN/lakebrdige/output/spark_analysis.xlsx
A10: Total Materialized Views | B10: 0 | D10: Subject Areas | E10: -t | F10: PYSPARK
A11: Total Indicies | B11: 0 | D11: SQL Statements | E11: Analyzer run duration:
A12: Total Packages | B12: 0 | D12: Combined Checksums | E12: 0h, 0m, 10s
A13: Total Procedures | B13: 0 | D13: Transformation Expressions
A14: Total Functions | B14: 0 | D14: Extended Script Information
A15: Total Triggers | B15: 0 | D15: Packages
A16: Total Dynamic SQL Calls | B16: 0 | D16: Comments
A17: Total Loops & Cursors | B17: 0 | D17: Embedded SQL Summary
A18: Total Conditionals | B18: 0 | D18: Embedded SQL Programs
A19: Total MLOAD Scripts | B19: 0 | D19: Embedded SQL Script Categories
A20: Total FLOAD Scripts | B20: 0 | D20: Embedded SQL UNKNOWN Category
A21: Total Lines of Code | B21: 1 | D21: Embedded SQL Functions
A22: Total Duplicated SQL Items | B22: 0 | D22: Embedded SQL Func by Script
D23: Embedded SQL Scripts Func Xref
A24: SQL | C24: ETL | D24: Embedded SQL Referenced Objects
A25: Job Complexity Categorization | C25: Procedure or Function | D25: Embedded SQL Program-Obj Xref
A26: LOW | B26: =COUNTIFS('Embedded SQL Programs'!E:E,"LOW",'Embedded SQL Programs'!C:C,"YES",'Embedded SQL Programs'!L:L,"SQL") -> 0 | C26: =SUMIFS('Embedded SQL Programs'!G:G,'Embedded SQL Programs'!E:E,"LOW",'Embedded SQL Programs'!C:C,"YES",'Embedded SQL Programs'!L:L,"ETL") -> 0 | D26: RAW_PROGRAM_OBJECT_XREF
A27: MEDIUM | B27: =COUNTIFS('Embedded SQL Programs'!E:E,"MEDIUM",'Embedded SQL Programs'!C:C,"YES",'Embedded SQL Programs'!L:L,"SQL") -> 0 | C27: =SUMIFS('Embedded SQL Programs'!G:G,'Embedded SQL Programs'!E:E,"MEDIUM",'Embedded SQL Programs'!C:C,"YES",'Embedded SQL Programs'!L:L,"ETL") -> 0
A28: HIGH | B28: =COUNTIFS('Embedded SQL Programs'!E:E,"HIGH",'Embedded SQL Programs'!C:C,"YES",'Embedded SQL Programs'!L:L,"SQL") -> 0 | C28: =SUMIFS('Embedded SQL Programs'!G:G,'Embedded SQL Programs'!E:E,"HIGH",'Embedded SQL Programs'!C:C,"YES",'Embedded SQL Programs'!L:L,"ETL") -> 0
A29: VERY_HIGH | B29: =COUNTIFS('Embedded SQL Programs'!E:E,"VERY_HIGH",'Embedded SQL Programs'!C:C,"YES",'Embedded SQL Programs'!L:L,"SQL") -> 0 | C29: =SUMIFS('Embedded SQL Programs'!G:G,'Embedded SQL Programs'!E:E,"VERY_HIGH",'Embedded SQL Programs'!C:C,"YES",'Embedded SQL Programs'!L:L,"ETL") -> 0

Sheet Embedded SQL Programs
A1: Program Name | B1: Source File | C1: Included | D1: Line Count | E1: Complexity | F1: Statement Count | G1: Procedure And Function Counts | H1: Script Category | I1: Categorization Metrics | J1: Legacy Checksum | K1: Checksum Extended | L1: Script Type
A2: _Users_tanishkchaturvedi_Desktop_Tanishk_Chaturvedi_WORK_CONSULATNCY_SYREN_lakebrdige_source_spark_p_.sql | B2: /Users/tanishkchaturvedi/Desktop/Tanishk Chaturvedi/WORK/CONSULATNCY/SYREN/lakebrdige/output/spark_analysis_SQL_TEMP/_Users_tanishkchaturvedi_Desktop_Tanishk_Chaturvedi_WORK_CONSULATNCY_SYREN_lakebrdige_source_spark_p_.sql | C2: YES | D2: 1 | E2: LOW | F2: 1 | G2: 0 | H2: READ_DML | I2: Total Statement count: 1, Conventional Statement count: 1, Simple Statement count: 0, Pivot functions: 0, XML functions: 0, Loops: 0, Medium category breaks: 0, High category breaks: 0 | J2: 17D4E3319CA5A373A9244AAF3A2564DA | K2: 737953301be662cf642e86c80bd2a6912d778171c0a6020f18b4545a456711dd1774c30a7915130180bab3f2fc8068c13eb55511ff16dfc81ed309f5e0cac0761832869adde91d7f274b0344e37d2f7ce7e9b6a6d8c3e4da2a1d93978b19411090d7f4b36d4cc5b9dfaaf34eba658c5fe78357a37328802cb0c7cc67bbc8dce96ffbab4dff3d41ac3f916fa44a24478c1c2e57faaa044bddcbe66325ca03c81fd7498eb35771e652 | L2: SQL

Sheet Embedded SQL Script Categories
A1: SQL Script Categories | B1: # of Occurrences
A2: READ_DML | B2: 1

Sheet Embedded SQL UNKNOWN Category
A1: SQL unknown category scripts | B1: # of Occurrences

Sheet Embedded SQL Functions
A1: Function | B1: # of Calls
A2: STRING | B2: 1
A3: BOOLEAN | B3: 1
A4: DATE | B4: 1

Sheet Embedded SQL Func by Script
A1: Script | B1: Function | C1: # of Calls
A2: /Users/tanishkchaturvedi/Desktop/Tanishk Chaturvedi/WORK/CONSULATNCY/SYREN/lakebrdige/output/spark_analysis_SQL_TEMP/_Users_tanishkchaturvedi_Desktop_Tanishk_Chaturvedi_WORK_CONSULATNCY_SYREN_lakebrdige_source_spark_p_.sql | B2: BOOLEAN | C2: 1
A3: /Users/tanishkchaturvedi/Desktop/Tanishk Chaturvedi/WORK/CONSULATNCY/SYREN/lakebrdige/output/spark_analysis_SQL_TEMP/_Users_tanishkchaturvedi_Desktop_Tanishk_Chaturvedi_WORK_CONSULATNCY_SYREN_lakebrdige_source_spark_p_.sql | B3: DATE | C3: 1
A4: /Users/tanishkchaturvedi/Desktop/Tanishk Chaturvedi/WORK/CONSULATNCY/SYREN/lakebrdige/output/spark_analysis_SQL_TEMP/_Users_tanishkchaturvedi_Desktop_Tanishk_Chaturvedi_WORK_CONSULATNCY_SYREN_lakebrdige_source_spark_p_.sql | B4: STRING | C4: 1

Sheet Embedded SQL Scripts Func Xref
A1: Script | B1: STRING | C1: BOOLEAN | D1: DATE
A2: /Users/tanishkchaturvedi/Desktop/Tanishk Chaturvedi/WORK/CONSULATNCY/SYREN/lakebrdige/output/spark_analysis_SQL_TEMP/_Users_tanishkchaturvedi_Desktop_Tanishk_Chaturvedi_WORK_CONSULATNCY_SYREN_lakebrdige_source_spark_p_.sql | B2: 1 | C2: 1 | D2: 1

Sheet Embedded SQL Referenced Objects
A1: OBJECT | B1: CREATE | C1: READ | D1: WRITE | E1: DROP | F1: TRUNCATE | G1: TABLE_VARIABLE
A2: CastExample | C2: 1

Sheet Embedded SQL Program-Obj Xref
B1: CastExample
A2: /Users/tanishkchaturvedi/Desktop/Tanishk Chaturvedi/WORK/CONSULATNCY/SYREN/lakebrdige/output/spark_analysis_SQL_TEMP/_Users_tanishkchaturvedi_Desktop_Tanishk_Chaturvedi_WORK_CONSULATNCY_SYREN_lakebrdige_source_spark_p_.sql | B2: READ: 1

Sheet RAW_PROGRAM_OBJECT_XREF
A1: Program | B1: Object | C1: Operation | D1: Count
A2: /Users/tanishkchaturvedi/Desktop/Tanishk Chaturvedi/WORK/CONSULATNCY/SYREN/lakebrdige/output/spark_analysis_SQL_TEMP/_Users_tanishkchaturvedi_Desktop_Tanishk_Chaturvedi_WORK_CONSULATNCY_SYREN_lakebrdige_source_spark_p_.sql | B2: CastExample | C2: READ | D2: 1
